{
  "q_table": {
    "17": {
      "3": 0.7148342655875721,
      "1": 0.6526079178159714,
      "2": 0.6708446025011862
    },
    "14": {
      "1": 0.7008438785513027,
      "2": 0.7119116271731794,
      "3": 0.7214717043829884
    },
    "13": {
      "2": 0.7072226676911232,
      "3": 0.7177583839860189,
      "1": 0.7155516079062461
    },
    "11": {
      "1": 0.7243036602190015,
      "2": 0.7237483217466986,
      "3": 0.716249751342477
    },
    "9": {
      "1": 0.7078701432962969,
      "2": 0.7098778352556387,
      "3": 0.7103652954494616
    },
    "8": {
      "1": 0.7191580937172286,
      "2": 0.716780622833828,
      "3": 0.7165308335480783
    },
    "5": {
      "2": 0.562767963369034,
      "1": 0.722588964258323,
      "3": 0.34263024026423317
    },
    "3": {
      "1": 0.4550459632851403,
      "2": 0.050000000000000516,
      "3": -0.9999999999999996
    },
    "1": {
      "1": -0.9999999999999996
    },
    "16": {
      "1": 0.6727591064467846,
      "2": 0.6874492699330185,
      "3": 0.7133982198672895
    },
    "10": {
      "1": 0.7253927744459009,
      "2": 0.7278255483481807,
      "3": 0.7249107657465506
    },
    "7": {
      "1": 0.709917440306509,
      "3": 0.7234239897267446,
      "2": 0.7103550997507364
    },
    "6": {
      "1": 0.6553210513789851,
      "2": 0.7065838510745812,
      "3": 0.6405970409481588
    },
    "4": {
      "2": 0.4965653550740098,
      "1": 0.8098468076288657,
      "3": 0.05000000000000046
    },
    "2": {
      "1": 0.050000000000000516,
      "2": -0.9999999999999996
    },
    "19": {
      "1": 0.6444473368867052,
      "2": 0.6429648405447785,
      "3": 0.7308934803517273
    },
    "18": {
      "1": 0.6471637860583178,
      "2": 0.7124153574237444,
      "3": 0.6579905905117592
    },
    "12": {
      "3": 0.7267402780448527,
      "1": 0.7073293971350637,
      "2": 0.7275734568866663
    },
    "15": {
      "2": 0.7187217558264601,
      "3": 0.6960143424683873,
      "1": 0.6808265204327466
    },
    "20": {
      "3": 0.6905894663369216,
      "2": 0.6357511103675074,
      "1": 0.6334030535162182
    }
  },
  "stats": {
    "wins": 3662,
    "losses": 6338,
    "games_played": 10000
  }
}