{
  "q_table": {
    "20": {
      "1": 0.3948140760165638,
      "2": 0.38534469341933697,
      "3": 0.5923282604795971
    },
    "19": {
      "1": 0.15404049589023083,
      "2": 0.3364983543704855,
      "3": 0.5622974166393336
    },
    "18": {
      "2": 0.29009960538557367,
      "1": 0.3330546050256852,
      "3": 0.5436754351227986
    },
    "16": {
      "1": 0.41857509900975304,
      "2": 0.3755730976184983,
      "3": 0.6145889850217605
    },
    "15": {
      "3": 0.44244145851913647,
      "1": 0.40715551718496124,
      "2": 0.5914771207683043
    },
    "12": {
      "1": 0.5380942829568696,
      "2": 0.509310104170879,
      "3": 0.7100214536352225
    },
    "9": {
      "1": 0.5642637635776968,
      "3": 0.7621463890205094,
      "2": 0.581698532120822
    },
    "8": {
      "1": 0.5686993416543558,
      "2": 0.787051647045295,
      "3": 0.5699539335277191
    },
    "7": {
      "3": 0.6274053963272526,
      "1": 0.5462796016265856,
      "2": 0.8309356715022539
    },
    "4": {
      "1": 1.0464870699811106,
      "2": 0.3499038051717297,
      "3": 0.010043433251910615
    },
    "1": {
      "1": -0.9999999999999996
    },
    "17": {
      "3": 0.616999064671899,
      "1": 0.4934978555949312,
      "2": 0.4777214302788213
    },
    "14": {
      "1": 0.37711240861014134,
      "2": 0.6460031765856789,
      "3": 0.4645596313652051
    },
    "13": {
      "2": 0.647132348488618,
      "3": 0.560992203153425,
      "1": 0.5480553358657657
    },
    "11": {
      "1": 0.3908884592261982,
      "2": 0.6794849526695981,
      "3": 0.5120865983549007
    },
    "6": {
      "1": 0.5331243965478267,
      "2": 0.9157961033296103,
      "3": 0.6078225427546067
    },
    "5": {
      "1": 1.0038647240394893,
      "2": 0.5155350451993351,
      "3": 0.06851911739968519
    },
    "10": {
      "1": 0.5040940515665665,
      "2": 0.4909189181411342,
      "3": 0.7307828890038282
    },
    "3": {
      "3": -0.9749684449500675,
      "1": 0.7724730090018828,
      "2": 0.012825169601032888
    },
    "2": {
      "1": 0.010000044491603554,
      "2": -0.9852191170585654
    }
  },
  "stats": {
    "wins": 367,
    "losses": 633,
    "games_played": 1000
  }
}