{
  "q_table": {
    "17": {
      "1": 0.811352119848162,
      "2": 0.8453830550319689,
      "3": 0.8884174635557096
    },
    "16": {
      "1": 0.8091292712117668,
      "2": 0.832149502038354,
      "3": 0.9006868727452118
    },
    "13": {
      "2": 0.8534911425619734,
      "3": 0.8491912669520978,
      "1": 0.9153805379995142
    },
    "11": {
      "1": 0.8218116755591474,
      "2": 0.9009683075808658,
      "3": 0.8515065084871293
    },
    "9": {
      "1": 0.8533761677650561,
      "2": 0.8926150338116371,
      "3": 0.8399003599420471
    },
    "8": {
      "1": 0.9000051609775498,
      "2": 0.8179426930470203,
      "3": 0.8283963132429357
    },
    "5": {
      "3": 0.06976318191295167,
      "1": 0.8955361779706805,
      "2": 0.5718618084709475
    },
    "2": {
      "1": 0.01000000000000046,
      "2": -0.9999999999999996
    },
    "18": {
      "3": 0.8834627744950162,
      "1": 0.8132425901211142,
      "2": 0.7989215327924117
    },
    "15": {
      "1": 0.8177885237486645,
      "2": 0.8310911432524583,
      "3": 0.9078730952575209
    },
    "10": {
      "1": 0.8124058786832035,
      "2": 0.9202200272058865,
      "3": 0.8271582657678626
    },
    "7": {
      "1": 0.8098696023270648,
      "2": 0.8181643612290754,
      "3": 0.904388172067442
    },
    "6": {
      "1": 0.8813782302727883,
      "2": 0.7736053146318373,
      "3": 0.8334312427337103
    },
    "4": {
      "3": 0.01000000000000046,
      "1": 0.9834624159427265,
      "2": 0.41466534179917014
    },
    "1": {
      "1": -0.9999999999999996
    },
    "12": {
      "1": 0.8483184552145066,
      "2": 0.8253410988014478,
      "3": 0.9055298882276819
    },
    "19": {
      "3": 0.86782489204927,
      "1": 0.8133304575317293,
      "2": 0.8158549875044143
    },
    "20": {
      "1": 0.82125268810843,
      "3": 0.8426440364809507,
      "2": 0.8725675373891192
    },
    "3": {
      "1": 0.6742280585786692,
      "2": 0.01000000000000046,
      "3": -0.9999999999999996
    },
    "14": {
      "1": 0.8313561649609394,
      "3": 0.8988262608261285,
      "2": 0.838101164105832
    }
  },
  "stats": {
    "wins": 3770,
    "losses": 6230,
    "games_played": 10000
  }
}